cohort,key,type,bam,bai
wugsc,NA06994,control,input/NA06994.mapped.ILLUMINA.bwa.CEU.exome.20120522.bam.chr22.sorted.bam,input/NA06994.mapped.ILLUMINA.bwa.CEU.exome.20120522.bam.chr22.sorted.bam.bai
wugsc,NA10847,control,input/NA10847.mapped.ILLUMINA.bwa.CEU.exome.20121211.bam.chr22.sorted.bam,input/NA10847.mapped.ILLUMINA.bwa.CEU.exome.20121211.bam.chr22.sorted.bam.bai
wugsc,NA11840,control,input/NA11840.mapped.ILLUMINA.bwa.CEU.exome.20120522.bam.chr22.sorted.bam,input/NA11840.mapped.ILLUMINA.bwa.CEU.exome.20120522.bam.chr22.sorted.bam.bai
wugsc,NA12249,control,input/NA12249.mapped.ILLUMINA.bwa.CEU.exome.20120522.bam.chr22.sorted.bam,input/NA12249.mapped.ILLUMINA.bwa.CEU.exome.20120522.bam.chr22.sorted.bam.bai
wugsc,NA12716,control,input/NA12716.mapped.ILLUMINA.bwa.CEU.exome.20121211.bam.chr22.sorted.bam,input/NA12716.mapped.ILLUMINA.bwa.CEU.exome.20121211.bam.chr22.sorted.bam.bai
wugsc,NA12750,control,input/NA12750.mapped.ILLUMINA.bwa.CEU.exome.20130415.bam.chr22.sorted.bam,input/NA12750.mapped.ILLUMINA.bwa.CEU.exome.20130415.bam.chr22.sorted.bam.bai
wugsc,NA12751,control,input/NA12751.mapped.ILLUMINA.bwa.CEU.exome.20121211.bam.chr22.sorted.bam,input/NA12751.mapped.ILLUMINA.bwa.CEU.exome.20121211.bam.chr22.sorted.bam.bai
wugsc,NA12760,control,input/NA12760.mapped.ILLUMINA.bwa.CEU.exome.20120522.bam.chr22.sorted.bam,input/NA12760.mapped.ILLUMINA.bwa.CEU.exome.20120522.bam.chr22.sorted.bam.bai
wugsc,NA12761,control,input/NA12761.mapped.ILLUMINA.bwa.CEU.exome.20121211.bam.chr22.sorted.bam,input/NA12761.mapped.ILLUMINA.bwa.CEU.exome.20121211.bam.chr22.sorted.bam.bai
wugsc,NA12763,control,input/NA12763.mapped.ILLUMINA.bwa.CEU.exome.20121211.bam.chr22.sorted.bam,input/NA12763.mapped.ILLUMINA.bwa.CEU.exome.20121211.bam.chr22.sorted.bam.bai
wugsc,NA18966,case,input/NA18966.mapped.ILLUMINA.bwa.JPT.exome.20121211.bam.chr22.sorted.bam,input/NA18966.mapped.ILLUMINA.bwa.JPT.exome.20121211.bam.chr22.sorted.bam.bai
wugsc,NA18967,case,input/NA18967.mapped.ILLUMINA.bwa.JPT.exome.20121211.bam.chr22.sorted.bam,input/NA18967.mapped.ILLUMINA.bwa.JPT.exome.20121211.bam.chr22.sorted.bam.bai
wugsc,NA18968,case,input/NA18968.mapped.ILLUMINA.bwa.JPT.exome.20120522.bam.chr22.sorted.bam,input/NA18968.mapped.ILLUMINA.bwa.JPT.exome.20120522.bam.chr22.sorted.bam.bai
wugsc,NA18969,case,input/NA18969.mapped.ILLUMINA.bwa.JPT.exome.20120522.bam.chr22.sorted.bam,input/NA18969.mapped.ILLUMINA.bwa.JPT.exome.20120522.bam.chr22.sorted.bam.bai
wugsc,NA18970,case,input/NA18970.mapped.ILLUMINA.bwa.JPT.exome.20120522.bam.chr22.sorted.bam,input/NA18970.mapped.ILLUMINA.bwa.JPT.exome.20120522.bam.chr22.sorted.bam.bai
wugsc,NA18971,case,input/NA18971.mapped.ILLUMINA.bwa.JPT.exome.20120522.bam.chr22.sorted.bam,input/NA18971.mapped.ILLUMINA.bwa.JPT.exome.20120522.bam.chr22.sorted.bam.bai
wugsc,NA18972,case,input/NA18972.mapped.ILLUMINA.bwa.JPT.exome.20121211.bam.chr22.sorted.bam,input/NA18972.mapped.ILLUMINA.bwa.JPT.exome.20121211.bam.chr22.sorted.bam.bai
wugsc,NA18973,case,input/NA18973.mapped.ILLUMINA.bwa.JPT.exome.20121211.bam.chr22.sorted.bam,input/NA18973.mapped.ILLUMINA.bwa.JPT.exome.20121211.bam.chr22.sorted.bam.bai
wugsc,NA18974,case,input/NA18974.mapped.ILLUMINA.bwa.JPT.exome.20120522.bam.chr22.sorted.bam,input/NA18974.mapped.ILLUMINA.bwa.JPT.exome.20120522.bam.chr22.sorted.bam.bai
wugsc,NA18975,case,input/NA18975.mapped.ILLUMINA.bwa.JPT.exome.20120522.bam.chr22.sorted.bam,input/NA18975.mapped.ILLUMINA.bwa.JPT.exome.20120522.bam.chr22.sorted.bam.bai
wugsc,NA18976,case,input/NA18976.mapped.ILLUMINA.bwa.JPT.exome.20120522.bam.chr22.sorted.bam,input/NA18976.mapped.ILLUMINA.bwa.JPT.exome.20120522.bam.chr22.sorted.bam.bai
wugsc,NA18981,case,input/NA18981.mapped.ILLUMINA.bwa.JPT.exome.20120522.bam.chr22.sorted.bam,input/NA18981.mapped.ILLUMINA.bwa.JPT.exome.20120522.bam.chr22.sorted.bam.bai
wugsc,NA18987,case,input/NA18987.mapped.ILLUMINA.bwa.JPT.exome.20120522.bam.chr22.sorted.bam,input/NA18987.mapped.ILLUMINA.bwa.JPT.exome.20120522.bam.chr22.sorted.bam.bai
wugsc,NA18990,case,input/NA18990.mapped.ILLUMINA.bwa.JPT.exome.20120522.bam.chr22.sorted.bam,input/NA18990.mapped.ILLUMINA.bwa.JPT.exome.20120522.bam.chr22.sorted.bam.bai
wugsc,NA18991,case,input/NA18991.mapped.ILLUMINA.bwa.JPT.exome.20120522.bam.chr22.sorted.bam,input/NA18991.mapped.ILLUMINA.bwa.JPT.exome.20120522.bam.chr22.sorted.bam.bai
wugsc,NA19098,case,input/NA19098.mapped.ILLUMINA.bwa.YRI.exome.20121211.bam.chr22.sorted.bam,input/NA19098.mapped.ILLUMINA.bwa.YRI.exome.20121211.bam.chr22.sorted.bam.bai
wugsc,NA19119,case,input/NA19119.mapped.ILLUMINA.bwa.YRI.exome.20120522.bam.chr22.sorted.bam,input/NA19119.mapped.ILLUMINA.bwa.YRI.exome.20120522.bam.chr22.sorted.bam.bai
wugsc,NA19131,case,input/NA19131.mapped.ILLUMINA.bwa.YRI.exome.20120522.bam.chr22.sorted.bam,input/NA19131.mapped.ILLUMINA.bwa.YRI.exome.20120522.bam.chr22.sorted.bam.bai
wugsc,NA19137,case,input/NA19137.mapped.ILLUMINA.bwa.YRI.exome.20130415.bam.chr22.sorted.bam,input/NA19137.mapped.ILLUMINA.bwa.YRI.exome.20130415.bam.chr22.sorted.bam.bai
wugsc,NA19138,case,input/NA19138.mapped.ILLUMINA.bwa.YRI.exome.20121211.bam.chr22.sorted.bam,input/NA19138.mapped.ILLUMINA.bwa.YRI.exome.20121211.bam.chr22.sorted.bam.bai
wugsc,NA19141,case,input/NA19141.mapped.ILLUMINA.bwa.YRI.exome.20120522.bam.chr22.sorted.bam,input/NA19141.mapped.ILLUMINA.bwa.YRI.exome.20120522.bam.chr22.sorted.bam.bai
wugsc,NA19143,case,input/NA19143.mapped.ILLUMINA.bwa.YRI.exome.20120522.bam.chr22.sorted.bam,input/NA19143.mapped.ILLUMINA.bwa.YRI.exome.20120522.bam.chr22.sorted.bam.bai
wugsc,NA19144,case,input/NA19144.mapped.ILLUMINA.bwa.YRI.exome.20121211.bam.chr22.sorted.bam,input/NA19144.mapped.ILLUMINA.bwa.YRI.exome.20121211.bam.chr22.sorted.bam.bai
wugsc,NA19152,case,input/NA19152.mapped.ILLUMINA.bwa.YRI.exome.20120522.bam.chr22.sorted.bam,input/NA19152.mapped.ILLUMINA.bwa.YRI.exome.20120522.bam.chr22.sorted.bam.bai
wugsc,NA19153,case,input/NA19153.mapped.ILLUMINA.bwa.YRI.exome.20121211.bam.chr22.sorted.bam,input/NA19153.mapped.ILLUMINA.bwa.YRI.exome.20121211.bam.chr22.sorted.bam.bai
wugsc,NA19159,case,input/NA19159.mapped.ILLUMINA.bwa.YRI.exome.20121211.bam.chr22.sorted.bam,input/NA19159.mapped.ILLUMINA.bwa.YRI.exome.20121211.bam.chr22.sorted.bam.bai
wugsc,NA19160,case,input/NA19160.mapped.ILLUMINA.bwa.YRI.exome.20120522.bam.chr22.sorted.bam,input/NA19160.mapped.ILLUMINA.bwa.YRI.exome.20120522.bam.chr22.sorted.bam.bai
wugsc,NA19171,case,input/NA19171.mapped.ILLUMINA.bwa.YRI.exome.20120522.bam.chr22.sorted.bam,input/NA19171.mapped.ILLUMINA.bwa.YRI.exome.20120522.bam.chr22.sorted.bam.bai
wugsc,NA19200,case,input/NA19200.mapped.ILLUMINA.bwa.YRI.exome.20120522.bam.chr22.sorted.bam,input/NA19200.mapped.ILLUMINA.bwa.YRI.exome.20120522.bam.chr22.sorted.bam.bai
wugsc,NA19201,case,input/NA19201.mapped.ILLUMINA.bwa.YRI.exome.20121211.bam.chr22.sorted.bam,input/NA19201.mapped.ILLUMINA.bwa.YRI.exome.20121211.bam.chr22.sorted.bam.bai
wugsc,NA19204,case,input/NA19204.mapped.ILLUMINA.bwa.YRI.exome.20120522.bam.chr22.sorted.bam,input/NA19204.mapped.ILLUMINA.bwa.YRI.exome.20120522.bam.chr22.sorted.bam.bai
wugsc,NA19206,case,input/NA19206.mapped.ILLUMINA.bwa.YRI.exome.20121211.bam.chr22.sorted.bam,input/NA19206.mapped.ILLUMINA.bwa.YRI.exome.20121211.bam.chr22.sorted.bam.bai
wugsc,NA19207,case,input/NA19207.mapped.ILLUMINA.bwa.YRI.exome.20121211.bam.chr22.sorted.bam,input/NA19207.mapped.ILLUMINA.bwa.YRI.exome.20121211.bam.chr22.sorted.bam.bai
wugsc,NA19209,case,input/NA19209.mapped.ILLUMINA.bwa.YRI.exome.20121211.bam.chr22.sorted.bam,input/NA19209.mapped.ILLUMINA.bwa.YRI.exome.20121211.bam.chr22.sorted.bam.bai
wugsc,NA19210,case,input/NA19210.mapped.ILLUMINA.bwa.YRI.exome.20121211.bam.chr22.sorted.bam,input/NA19210.mapped.ILLUMINA.bwa.YRI.exome.20121211.bam.chr22.sorted.bam.bai
wugsc,NA19223,case,input/NA19223.mapped.ILLUMINA.bwa.YRI.exome.20120522.bam.chr22.sorted.bam,input/NA19223.mapped.ILLUMINA.bwa.YRI.exome.20120522.bam.chr22.sorted.bam.bai
