variant	gene	Allele	Consequence	IMPACT	SYMBOL	Gene	Feature_type	Feature	BIOTYPE	EXON	INTRON	HGVSc	HGVSp	cDNA_position	CDS_position	Protein_position	Amino_acids	Codons	Existing_variation	DISTANCE	STRAND	FLAGS	VARIANT_CLASS	SYMBOL_SOURCE	HGNC_ID	CANONICAL	MANE_SELECT	MANE_PLUS_CLINICAL	TSL	APPRIS	CCDS	ENSP	SWISSPROT	TREMBL	UNIPARC	UNIPROT_ISOFORM	GENE_PHENO	SIFT	PolyPhen	DOMAINS	miRNA	AF	AFR_AF	AMR_AF	EAS_AF	EUR_AF	SAS_AF	gnomADe_AF	gnomADe_AFR_AF	gnomADe_AMR_AF	gnomADe_ASJ_AF	gnomADe_EAS_AF	gnomADe_FIN_AF	gnomADe_NFE_AF	gnomADe_OTH_AF	gnomADe_SAS_AF	gnomADg_AF	gnomADg_AFR_AF	gnomADg_AMI_AF	gnomADg_AMR_AF	gnomADg_ASJ_AF	gnomADg_EAS_AF	gnomADg_FIN_AF	gnomADg_MID_AF	gnomADg_NFE_AF	gnomADg_OTH_AF	gnomADg_SAS_AF	MAX_AF	MAX_AF_POPS	FREQS	CLIN_SIG	SOMATIC	PHENO	PUBMED	MOTIF_NAME	MOTIF_POS	HIGH_INF_POS	MOTIF_SCORE_CHANGE	TRANSCRIPTION_FACTORS	SpliceAI_pred_DP_AG	SpliceAI_pred_DP_AL	SpliceAI_pred_DP_DG	SpliceAI_pred_DP_DL	SpliceAI_pred_DS_AG	SpliceAI_pred_DS_AL	SpliceAI_pred_DS_DG	SpliceAI_pred_DS_DL	SpliceAI_pred_SYMBOL	CADD_RAW	CADD_PHRED
chr17:10320453:A:T	ENSG00000006788	T	stop_gained	HIGH	MYH13	ENSG00000006788	Transcript	ENST00000252172	protein_coding	25/41	.	.	.	3246	3155	1052	L/*	tTg/tAg	rs531627533	.	-1	.	SNV	HGNC	HGNC:7571	YES	NM_003802.3	.	1	P1	CCDS45613.1	ENSP00000252172	Q9UKX3.192	.	UPI0000DB39EA	.	.	.	.	.	.	0.0002	0	0	0	0	0.001	4.03e-06	0	0	0	0	0	0	0	3.303e-05	.	.	.	.	.	.	.	.	.	.	.	0.001	SAS	.	.	.	.	.	.	.	.	.	.	-2	43	43	-39	0	0.23	0	0	MYH13	.	.
chr17:69153832:G:A	ENSG00000154263	A	stop_gained&splice_region_variant	HIGH	ABCA10	ENSG00000154263	Transcript	ENST00000690296	protein_coding	32/39	.	.	.	4520	3964	1322	R/*	Cga/Tga	rs10491178&CM118828&COSV52219689	.	-1	.	SNV	HGNC	HGNC:30	YES	NM_001377321.1	.	.	P1	CCDS11684.1	ENSP00000509702	Q8WWZ4.150	.	UPI000013D7F6	Q8WWZ4-1	.	.	.	.	.	0.0887	0.0711	0.1729	0.1111	0.0656	0.0532	0.08114	0.07428	0.1671	0.06526	0.1388	0.08698	0.05068	0.07597	0.06819	0.07289	0.07106	0.0318	0.1528	0.0647	0.1217	0.07903	0.07911	0.05235	0.07998	0.06956	0.1729	AMR	1KG_ALL:A:NA	.	0&1&1	0&1&1	25294155&33374413&25074467	.	.	.	.	.	-8	7	9	-1	0	0	0.02	0.03	ABCA10	30	30
chr6:148532967:G:A	ENSG00000111961	A	splice_donor_variant	HIGH	SASH1	ENSG00000111961	Transcript	ENST00000367467	protein_coding	.	14/19	.	.	.	.	.	.	.	rs758537090	.	1	.	SNV	HGNC	HGNC:19182	YES	NM_015278.5	.	1	P1	CCDS5212.1	ENSP00000356437	O94885.181	.	UPI00003519AE	.	1	.	.	.	.	.	.	.	.	.	.	.	.	.	.	.	.	.	.	.	.	.	.	.	.	.	.	.	.	.	.	.	.	.	.	.	.	.	.	.	.	.	.	27	-31	-33	-1	0	0	0	0.97	SASH1	30	30
chr9:68387464:G:A	ENSG00000154330	A	splice_region_variant&synonymous_variant	LOW	PGM5	ENSG00000154330	Transcript	ENST00000396396	protein_coding	4/11	.	.	.	1090	573	191	V	gtG/gtA	rs151283035&COSV67165086	.	1	.	SNV	HGNC	HGNC:8908	YES	NM_021965.4	.	2	P1	CCDS6622.2	ENSP00000379678	Q15124.179	.	UPI0000210ABF	Q15124-1	.	.	.	.	.	0.0016	0	0	0.001	0.001	0.0061	0.001396	0.0003706	8.724e-05	0	0.0001633	9.266e-05	0.0008945	0.00148	0.007392	0.004523	0.002627	0	0.00447	0.002292	0.006429	0.00352	0.007407	0.00549	0.00618	0.01007	0.01007	gnomADg_SAS	1KG_ALL:A:NA	.	0&1	0&1	.	.	.	.	.	.	2	8	2	8	0.58	0.01	0	0	PGM5	30	30
chr19:43268150:C:T	ENSG00000183668	T	splice_acceptor_variant	HIGH	PSG9	ENSG00000183668	Transcript	ENST00000270077	protein_coding	.	1/5	.	.	.	.	.	.	.	rs3746297&COSV52484890	.	-1	.	SNV	HGNC	HGNC:9526	YES	NM_002784.5	.	1	P2	CCDS12618.1	ENSP00000270077	Q00887.184	.	UPI00001327A5	Q00887-1	.	.	.	.	.	0.1895	0.2141	0.1455	0.38	0.0825	0.1012	0.1151	0.2009	0.1429	0.07872	0.3676	0.0897	0.06376	0.09758	0.09891	0.1203	0.1974	0.1626	0.1183	0.0791	0.3726	0.07868	0.07278	0.06422	0.1269	0.1035	0.38	EAS	1KG_ALL:T:NA	.	0&1	0&1	29956771	.	.	.	.	.	-43	-1	36	-1	0.14	0.96	0	0	PSG9	30	30
chr19:54847788:AAC:A	ENSG00000221957	-	frameshift_variant	HIGH	KIR2DS4	ENSG00000221957	Transcript	ENST00000339924	protein_coding_LoF	7/8	.	.	.	926	837	279	EQ/EX	gaACag/gaag	rs138992022	.	1	.	deletion	HGNC	HGNC:6336	YES	.	.	1	P5	.	ENSP00000340011	.	.	.	.	.	.	.	.	.	.	.	.	.	.	.	.	.	.	.	.	.	.	.	.	0.1465	0.0585	0.1189	0.1898	0.174	0.1778	0.215	0.1361	0.1715	0.1586	0.235	0.235	gnomADg_SAS	.	.	.	.	.	.	.	.	.	.	-17	-38	18	2	0	0	0	0	KIR2DS4	30	30
chr1:156384556:T:TC	ENSG00000132677	C	frameshift_variant	HIGH	RHBG	ENSG00000132677	Transcript	ENST00000537040	protein_coding	9/10	.	.	.	1303	1264	422	S/SX	tcc/tCcc	.	.	1	.	insertion	HGNC	HGNC:14572	YES	NM_020407.5	.	1	P1	CCDS41414.2	ENSP00000441197	Q9H310.150	.	UPI000004F267	Q9H310-1	.	.	.	.	.	.	.	.	.	.	.	.	.	.	.	.	.	.	.	.	.	.	.	.	.	.	.	.	.	.	.	.	.	.	.	.	.	.	.	.	.	.	.	9	-31	43	31	0	0	0	0	RHBG	30	30
chr11:1016714:G:GA	ENSG00000184956	GA	frameshift_variant	HIGH	MUC6	ENSG00000184956	Transcript	ENST00000421673	protein_coding	31/33	.	.	.	6150	6087	2029	H/HX	caC/caTC	rs1856627924&COSV70132213	.	-1	.	indel	HGNC	HGNC:7517	YES	NM_005961.3	.	5	P1	CCDS44513.1	ENSP00000406861	Q6W4X9.138	.	UPI0000251DBE	.	.	.	.	.	.	.	.	.	.	.	.	.	.	.	.	.	.	.	.	.	0.0001284	6.03e-05	0	0.0004327	0	0.0002364	0.0004056	0	4.91e-05	0.0005488	0	0.0005488	gnomADg_OTH	1KG_ALL:A:NA&1KG_ALL:GA:NA	.	0&1	0&1	.	.	.	.	.	.	-44	-7	-43	-7	0	0.01	0	0	MUC6	30	30
chr11:1017035:A:AAT	ENSG00000184956	AT	frameshift_variant	HIGH	MUC6	ENSG00000184956	Transcript	ENST00000421673	protein_coding	31/33	.	.	.	5828	5765	1922	T/TX	act/acATt	rs754561621&COSV70144140&COSV70150904	.	-1	.	insertion	HGNC	HGNC:7517	YES	NM_005961.3	.	5	P1	CCDS44513.1	ENSP00000406861	Q6W4X9.138	.	UPI0000251DBE	.	.	.	.	.	.	.	.	.	.	.	.	0.0682	0.1066	0.01659	0.05003	0.2647	0.0536	0.05422	0.06382	0.1049	0.2263	0.2544	0.2139	0.1539	0.2537	0.3144	0.1904	0.25	0.2167	0.2349	0.3145	0.3145	gnomADg_SAS	1KG_ALL:AT:NA	.	0&1&1	0&1&1	.	.	.	.	.	.	.	.	.	.	.	.	.	.	.	.	.
chr11:1017040:GGT:G	ENSG00000184956	-	frameshift_variant	HIGH	MUC6	ENSG00000184956	Transcript	ENST00000421673	protein_coding	31/33	.	.	.	5822	5759	1920	Y/X	tAC/t	rs752117134&COSV70144146	.	-1	.	deletion	HGNC	HGNC:7517	YES	NM_005961.3	.	5	P1	CCDS44513.1	ENSP00000406861	Q6W4X9.138	.	UPI0000251DBE	.	.	.	.	.	.	.	.	.	.	.	.	0.08452	0.1489	0.02524	0.05991	0.2762	0.08223	0.06937	0.07673	0.1172	0.2337	0.2645	0.2212	0.1592	0.2583	0.3199	0.1969	0.2554	0.2232	0.2407	0.3213	0.3213	gnomADg_SAS	1KG_ALL:-:NA	.	0&1	1&1	.	.	.	.	.	.	-28	31	36	33	0	0	0	0	MUC6	30	30
chr11:1017741:GTGTTT:G	ENSG00000184956	-	frameshift_variant	HIGH	MUC6	ENSG00000184956	Transcript	ENST00000421673	protein_coding	31/33	.	.	.	5118	5055	1685	LNT/FX	ttAAACAca/ttca	rs776357382	.	-1	.	deletion	HGNC	HGNC:7517	YES	NM_005961.3	.	5	P1	CCDS44513.1	ENSP00000406861	Q6W4X9.138	.	UPI0000251DBE	.	.	.	.	.	.	.	.	.	.	.	.	0	0	0	0	0	0	0	0	0	0	0	0	0	0	0	0	0	0	0	0	0	gnomADe_AFR&gnomADe_AMR&gnomADe_ASJ&gnomADe_EAS&gnomADe_FIN&gnomADe_NFE&gnomADe_OTH&gnomADe_SAS&gnomADg_AFR&gnomADg_AMI&gnomADg_AMR&gnomADg_ASJ&gnomADg_EAS&gnomADg_FIN&gnomADg_MID&gnomADg_NFE&gnomADg_OTH&gnomADg_SAS	.	.	.	.	.	.	.	.	.	.	.	.	.	.	.	.	.	.	.	30	30
chr11:1017891:GCA:G	ENSG00000184956	-	frameshift_variant	HIGH	MUC6	ENSG00000184956	Transcript	ENST00000421673	protein_coding	31/33	.	.	.	4971	4908	1636	HA/HX	caTGca/caca	rs766751467	.	-1	.	deletion	HGNC	HGNC:7517	YES	NM_005961.3	.	5	P1	CCDS44513.1	ENSP00000406861	Q6W4X9.138	.	UPI0000251DBE	.	.	.	.	.	.	.	.	.	.	.	.	7.302e-05	0.0001399	3.377e-05	0	0.0005231	0.000153	1.034e-05	0	0	0.004997	0.005065	0	0.01574	0.001383	0.0006372	0.01317	0.004065	0.002335	0.002948	0.003318	0.01574	gnomADg_AMR	.	.	.	.	36979105	.	.	.	.	.	29	-42	40	-41	0	0.01	0	0	MUC6	30	30
chr11:5151565:A:AC	ENSG00000182070	C	frameshift_variant	HIGH	OR52A1	ENSG00000182070	Transcript	ENST00000380367	protein_coding	2/2	.	.	.	1436	804	268	-/X	-/G	.	.	-1	.	insertion	HGNC	HGNC:8318	YES	NM_012375.3	.	.	P1	CCDS31374.1	ENSP00000369725	Q9UKL2.171	.	UPI0000140B1E	.	.	.	.	.	.	.	.	.	.	.	.	.	.	.	.	.	.	.	.	.	.	.	.	.	.	.	.	.	.	.	.	.	.	.	.	.	.	.	.	.	.	.	.	-17	-39	11	7	0	0	0	0	OR52A1	30	30
chr22:24056304:CA:C	ENSG00000099991	-	frameshift_variant	HIGH	CABIN1	ENSG00000099991	Transcript	ENST00000263119	protein_coding	10/37	.	.	.	1345	1207	403	K/X	Aaa/aa	rs751361226	.	1	.	deletion	HGNC	HGNC:24187	YES	NM_012295.4	.	1	P2	CCDS13823.1	ENSP00000263119	Q9Y6J0.198	A0A024R1E5.62	UPI0000126D6C	Q9Y6J0-1	.	.	.	.	.	.	.	.	.	.	.	3.985e-06	0	0	0	0	0	8.819e-06	0	0	.	.	.	.	.	.	.	.	.	.	.	8.819e-06	gnomADe_NFE	.	.	.	.	.	.	.	.	.	.	-3	-38	14	-5	0	0	0	0	CABIN1	30	30
chr2:97113750:GC:G	ENSG00000135976	-	frameshift_variant	HIGH	ANKRD36	ENSG00000135976	Transcript	ENST00000420699	protein_coding	1/76	.	.	.	599	12	4	G/X	ggC/gg	rs141447363&COSV106115068	.	1	.	deletion	HGNC	HGNC:24079	YES	NM_001354587.1	.	5	P1	CCDS92815.1	ENSP00000391950	A6QL64.111	.	UPI000387C901	A6QL64-1	.	.	.	.	.	0.0242	0.0023	0.0389	0	0.0845	0.0061	0.07396	0.01188	0.02669	0.04232	5.648e-05	0.246	0.09498	0.06569	0.01482	0.06844	0.01289	0.08114	0.0436	0.0372	0.0003986	0.2495	0.006369	0.09089	0.05167	0.01408	0.2495	gnomADg_FIN	1KG_ALL:-:NA	.	0&1	0&1	.	.	.	.	.	.	48	-19	12	-1	0	0	0	0	ANKRD36	30	30
chr7:100960609:C:T	ENSG00000169894	T	stop_gained	HIGH	MUC3A	ENSG00000169894	Transcript	ENST00000379458	protein_coding	2/12	.	.	.	8921	8830	2944	Q/*	Cag/Tag	rs79874934&COSV60212030	.	1	.	SNV	HGNC	HGNC:7513	YES	NM_005960.2	.	5	P1	CCDS78262.1	ENSP00000368771	Q02505.160	.	UPI000455B941	Q02505-1	.	.	.	.	.	.	.	.	.	.	.	0.4728	0.4917	0.4635	0.4366	0.4876	0.4683	0.4784	0.4662	0.4548	0.4999	0.5	0.5	0.5	0.5	0.5	0.5	0.5	0.4999	0.5	0.5	0.5	gnomADg_AFR&gnomADg_AMI&gnomADg_AMR&gnomADg_ASJ&gnomADg_EAS&gnomADg_FIN&gnomADg_MID&gnomADg_OTH&gnomADg_SAS	1KG_ALL:T:NA	.	0&1	0&1	.	.	.	.	.	.	.	.	.	.	.	.	.	.	.	.	.
chr10:49620614:G:C	ENSG00000070748	C	splice_donor_variant	HIGH	CHAT	ENSG00000070748	Transcript	ENST00000337653	protein_coding	.	4/14	.	.	.	.	.	.	.	rs148434254&COSV100340539	.	1	.	SNV	HGNC	HGNC:1912	YES	NM_020549.5	.	1	P2	CCDS7232.1	ENSP00000337103	P28329.203	.	UPI000013F1B9	P28329-1	1	.	.	.	.	0	0	0	0	0	0	.	.	.	.	.	.	.	.	.	6.571e-06	0	0	6.545e-05	0	0	0	0	0	0	0	6.545e-05	gnomADg_AMR	1KG_ALL:C:NA	.	0&1	1&1	12548525&16199547&23292760&21786365	.	.	.	.	.	-29	-5	10	-1	0	0	0.01	1	CHAT	30	30
chr10:116940489:C:A	ENSG00000187164	A	stop_gained	HIGH	SHTN1	ENSG00000187164	Transcript	ENST00000355371	protein_coding	9/17	.	.	.	943	835	279	E/*	Gag/Tag	rs752470418&COSV53382065	.	-1	.	SNV	HGNC	HGNC:29319	YES	NM_001127211.3	.	2	P1	CCDS44482.1	ENSP00000347532	A0MZ66.135	.	UPI0000404A8F	A0MZ66-1	1	.	.	.	.	.	.	.	.	.	.	3.98e-06	0	0	0	0	4.62e-05	0	0	0	.	.	.	.	.	.	.	.	.	.	.	4.62e-05	gnomADe_FIN	1KG_ALL:A:NA	.	0&1	0&1	.	.	.	.	.	.	-23	41	-50	-23	0	0	0	0.01	SHTN1	30	30
